{"cameraMode":{"drawMode":0,"name":"Shaded","section":"Shading Mode"},"sceneLighting":true,"audioPlay":false,"sceneViewState":{"m_AlwaysRefresh":false,"showFog":true,"showSkybox":true,"showFlares":true,"showImageEffects":true,"showParticleSystems":true,"showVisualEffectGraphs":true,"m_FxEnabled":true},"in2DMode":false,"pivot":{"x":0.29179441928863528,"y":0.321225643157959,"z":-1.3292198181152344},"rotation":{"x":-0.18712680041790009,"y":-0.10381658375263214,"z":0.01989171840250492,"w":-0.9766319394111633},"size":4.476648807525635,"orthographic":false}